"Qty","Reference","Value","Datasheet","Manufacturer","Part Number","Footprint"
"1","C2","100µF","https://www.mouser.com/catalog/specsheets/Chemi-Con_MVHRA_e.pdf","Chemi-Con","EMVH500ARA101MJA0G","Capacitor_SMD:CP_Elec_10x10"
"1","C19","470nF","https://weblib.samsungsem.com/mlcc/mlcc-ec-data-sheet.do?partNumber=CL21B474KBFNNN","Samsung Electro-Mechanics","CL21B474KBFNNNE","Capacitor_SMD:C_0805_2012Metric"
"4","C1,C17,C25,C26","1µF","https://product.samsungsem.com/mlcc/CL21B105KBFNNN.do","Samsung Electro-Mechanics ","CL21B105KBFNNNG","Capacitor_SMD:C_0805_2012Metric"
"5","C3,C6,C9,C11,C27","10µF","https://www.mouser.fr/datasheet/3/76/1/GRM21BR61H106KE43_01A.pdf","Murata","GRM21BR61H106KE43L","Capacitor_SMD:C_0805_2012Metric"
"15","C4,C5,C7,C8,C10,C12,C13,C14,C15,C18,C20,C21,C22,C23,C24","100nF","https://product.samsungsem.com/mlcc/CL21B105KBFNNN.do","Samsung Electro-Mechanics","CL21B104KBFNNNG","Capacitor_SMD:C_0805_2012Metric"
"1","D1","LED Bleue","https://www.mouser.fr/datasheet/3/308/1/APTD2012LQBC_D.pdf","Kingbright","APTD2012LQBC/D","LED_SMD:LED_0805_2012Metric"
"1","D2","LED Rouge","https://www.mouser.fr/datasheet/3/308/1/APTD2012LSURCK.pdf","Kingbright","APTD2012LSURCK","LED_SMD:LED_0805_2012Metric"
"1","D5","MMSZ3V3T1G","https://www.onsemi.com/pdf/datasheet/mmsz2v4t1-d.pdf","ONSemi","MMSZ3V3T1G","Diode_SMD:D_SOD-123"
"2","D3,D4","STPS1230SF","https://www.st.com/resource/en/datasheet/stps1230sf.pdf","STMicroelectronics","STPS1230SF","Package_TO_SOT_SMD:TO-277A"
"1","F1","Fuse - 5A","https://www.mouser.fr/datasheet/3/201/1/3568.pdf","Keystone Electronics","3568","3568:3568"
"1","FB1","7427928801","https://www.we-online.com/components/products/datasheet/7427928801.pdf","Wurth","7427928801","Capacitor_SMD:C_2220_5750Metric"
"1","FB2","MH2029-401Y","https://www.mouser.fr/datasheet/3/40/1/mh.pdf","Bourns","MH2029-401Y","Capacitor_SMD:C_0805_2012Metric_Pad1.18x1.45mm_HandSolder"
"4","H1,H2,H3,H4","MountingHole","~","-","-","MountingHole:MountingHole_3.2mm_M3"
"1","J5","SeedStudio 110990037","~","SeedStudio","110990037","Seeed Studio 110990037:SEEED_110990037"
"1","J6","72454-010VLF","https://cdn.amphenol-cs.com/media/wysiwyg/files/drawing/72454.pdf","Amphenol FCI","72454-010VLF","Connector_IDC:IDC-Header_2x05_P2.54mm_Vertical_SMD"
"1","J11","FTSH-105-01-L-DV-007-K-TR","https://suddendocs.samtec.com/prints/ftsh-1xx-xx-xxx-dv-xxx-xxx-x-xx-mkt.pdf","Samtec","FTSH-105-01-L-DV-007-K-TR","FTSH-105-01-L-DV-007:FTSH10501LDV007KTR"
"2","J2,J9","B2B-XH-2","https://www.mouser.com/catalog/specsheets/JST_B2B_XH_2_LF_SN_eXH.pdf","JST","B2B-XH-2(LF)(SN)","-- valeurs mixées --"
"2","J3,J4","B2PS-VH","https://www.mouser.com/catalog/specsheets/JST_B2PS_VH_LF_SN_eVH.pdf","JST","B2PS-VH(LF)(SN)","Connector_JST:JST_VH_B2PS-VH_1x02_P3.96mm_Horizontal"
"2","J7,J8","DF3A-5P-2DS","https://www.hirose.com/product/download/?distributor=all&type=2d&lang=en&num=DF3A-5P-2DS","Hirose","DF3A-5P-2DS ","SHDRRA5W60P0X200_1X5_1200X720X530P"
"1","PS1","TSR_3-2433N","https://tracopower.com/tsr3n-datasheet/","Traco Power","TSR_3-2433N","TSR_3-24xxN:TSR324xxN"
"1","PS2","TSR_3-2450N","https://tracopower.com/tsr3n-datasheet/","Traco Power","TSR_3-2450N","TSR_3-24xxN:TSR324xxN"
"1","Q1","IPD50P04P413ATMA2","https://www.mouser.fr/datasheet/3/70/1/Infineon_IPD50P04P4_13_DataSheet_v01_03_EN.pdf","Infineon","IPD50P04P413ATMA2","Package_TO_SOT_SMD:TO-252-2"
"1","Q2","TPH2R506PL,L1Q","http://toshiba.semicon-storage.com/info/docget.jsp?did=55522&prodName=TPH2R506PL","Toshiba","TPH2R506PL,L1Q","Package_SO:SOP-8_5.28x5.23mm_P1.27mm"
"2","Q3,Q4","IPD30N03S4L-09","https://www.mouser.fr/datasheet/3/70/1/Infineon_IPD30N03S4L_09_DS_v01_01_en.pdf","Infineon","IPD30N03S4L-09","Package_TO_SOT_SMD:TO-252-2"
"1","R16","330R","https://www.mouser.fr/datasheet/3/72/1/PYU_RT_1_TO_0_01_ROHS_L.pdf","Yageo","RT0805DRD07330RL","Resistor_SMD:R_0805_2012Metric"
"1","R17","750R","https://www.mouser.fr/datasheet/3/72/1/PYU_RT_1_TO_0_01_ROHS_L.pdf","Yageo","RT0805BRD07750RL","Resistor_SMD:R_0805_2012Metric"
"1","R18","18K","https://www.mouser.fr/datasheet/3/72/1/PYU_RT_1_TO_0_01_ROHS_L.pdf","Yageo","RT0805FRE0718KL","Resistor_SMD:R_0805_2012Metric"
"2","R1,R2","100K","https://www.mouser.fr/datasheet/3/72/1/PYU_RT_1_TO_0_01_ROHS_L.pdf","Yageo","RT0805FRE10100KL","Resistor_SMD:R_0805_2012Metric"
"2","R12,R13","4.7K","https://www.koaspeer.com/pdfs/RK73H.pdf","KOA SPEER","RK73H2ATTD4701F","Resistor_SMD:R_0805_2012Metric"
"2","R14,R15","4.7K","https://www.koaspeer.com/pdfs/RK73H.pdf","KOA SPEER","RK73H2ATTD4701F","Resistor_SMD:R_0805_2012Metric"
"3","R3,R4,R19","10K","https://www.vishay.com/docs/20132/rca-sre3.pdf","Vishay","RCA080510K0JNEASR","Resistor_SMD:R_0805_2012Metric"
"3","R5,R6,R20","10R","https://www.mouser.fr/datasheet/3/72/1/PYU_RT_1_TO_0_01_ROHS_L.pdf","Yageo","RT0805FRE1310RL","Resistor_SMD:R_0805_2012Metric"
"8","R7,R8,R9,R10,R11,R21,R22,R23","100R","https://www.mouser.fr/datasheet/3/72/1/PYU_RT_1_TO_0_01_ROHS_L.pdf","Yageo","RT0805DRE07100RL","Resistor_SMD:R_0805_2012Metric"
"1","SW1","B3F-1022","https://www.mouser.fr/datasheet/3/39/1/en_b3f.pdf","Omron","B3F-1022","Button_Switch_THT:SW_TH_Tactile_Omron_B3F-10xx"
"1","U1","LTC2954CTS8-2#TRMPBF","http://cds.linear.com/docs/en/datasheet/2954fb.pdf","Analog Devices","LTC2954CTS8-2#TRMPBF","Package_TO_SOT_SMD:SOT-23-8"
"1","U2","MIC4427","http://ww1.microchip.com/downloads/en/DeviceDoc/mic4426.pdf","Microchip","MIC4427","Package_SO:SO-8_3.9x4.9mm_P1.27mm"
"1","U3","MCXA153VLH","https://www.mouser.fr/datasheet/3/118/1/MCXAP64M96FS3.pdf","NXP","MCXA153VLH","Package_QFP:LQFP-64_10x10mm_P0.5mm"
"1","U4","PCA9306DP","https://www.nxp.com/docs/en/data-sheet/PCA9306.pdf","NXP","PCA9306DP","Package_SO:TSSOP-8_3x3mm_P0.65mm"
"1","U5","74AHC1G126","http://www.ti.com/lit/sg/scyt129e/scyt129e.pdf","Texas Instruments","SN74AHC1G126DBVR","Package_TO_SOT_SMD:SOT-23-5"
